timestamp,filename
20250609-162856,20250609-162856.jpg
20250609-162903,20250609-162903.jpg
20250609-162905,20250609-162905.jpg
20250609-162907,20250609-162907.jpg
20250609-162909,20250609-162909.jpg
20250609-162910,20250609-162910.jpg
20250609-162911,20250609-162911.jpg
20250609-162913,20250609-162913.jpg
20250609-162915,20250609-162915.jpg
20250609-162916,20250609-162916.jpg
20250609-162919,20250609-162919.jpg
20250609-162921,20250609-162921.jpg
20250609-162923,20250609-162923.jpg
20250609-162924,20250609-162924.jpg
20250609-162926,20250609-162926.jpg
20250609-162928,20250609-162928.jpg
20250609-162930,20250609-162930.jpg
20250609-162931,20250609-162931.jpg
20250609-162933,20250609-162933.jpg
20250609-162935,20250609-162935.jpg
20250609-162937,20250609-162937.jpg
20250609-162938,20250609-162938.jpg
20250609-162940,20250609-162940.jpg
20250609-162941,20250609-162941.jpg
20250609-162943,20250609-162943.jpg
20250609-162944,20250609-162944.jpg
20250609-162947,20250609-162947.jpg
20250609-162949,20250609-162949.jpg
20250609-162950,20250609-162950.jpg
20250609-162954,20250609-162954.jpg
20250609-162955,20250609-162955.jpg
20250609-162957,20250609-162957.jpg
20250609-162958,20250609-162958.jpg
20250609-163000,20250609-163000.jpg
20250609-163002,20250609-163002.jpg
20250609-163003,20250609-163003.jpg
20250609-163005,20250609-163005.jpg
20250609-163006,20250609-163006.jpg
20250609-163008,20250609-163008.jpg
20250609-163010,20250609-163010.jpg
20250609-163012,20250609-163012.jpg
20250609-163013,20250609-163013.jpg
20250609-163015,20250609-163015.jpg
20250609-163017,20250609-163017.jpg
20250609-163019,20250609-163019.jpg
20250609-163020,20250609-163020.jpg
20250609-163022,20250609-163022.jpg
20250609-163024,20250609-163024.jpg
20250609-163025,20250609-163025.jpg
20250609-163027,20250609-163027.jpg
20250609-163029,20250609-163029.jpg
20250609-163030,20250609-163030.jpg
20250609-163032,20250609-163032.jpg
20250609-163034,20250609-163034.jpg
20250609-163035,20250609-163035.jpg
20250609-163037,20250609-163037.jpg
20250609-163038,20250609-163038.jpg
20250609-163040,20250609-163040.jpg
20250609-163042,20250609-163042.jpg
20250609-163043,20250609-163043.jpg
20250609-163045,20250609-163045.jpg
20250609-163047,20250609-163047.jpg
20250609-163048,20250609-163048.jpg
20250609-163050,20250609-163050.jpg
20250609-163052,20250609-163052.jpg
20250609-163056,20250609-163056.jpg
20250609-163058,20250609-163058.jpg
20250609-163100,20250609-163100.jpg
20250609-163103,20250609-163103.jpg
20250609-163105,20250609-163105.jpg
20250609-163107,20250609-163107.jpg
20250609-163108,20250609-163108.jpg
20250609-163112,20250609-163112.jpg
20250609-163113,20250609-163113.jpg
20250609-163115,20250609-163115.jpg
20250609-163117,20250609-163117.jpg
20250609-163119,20250609-163119.jpg
20250609-163121,20250609-163121.jpg
20250609-163122,20250609-163122.jpg
20250609-163124,20250609-163124.jpg
20250609-163916,20250609-163916.jpg
20250609-163918,20250609-163918.jpg
20250609-163920,20250609-163920.jpg
20250609-163922,20250609-163922.jpg
20250609-163924,20250609-163924.jpg
20250609-163926,20250609-163926.jpg
20250609-163930,20250609-163930.jpg
20250609-163931,20250609-163931.jpg
20250609-163934,20250609-163934.jpg
20250609-163935,20250609-163935.jpg
20250609-163938,20250609-163938.jpg
20250609-163940,20250609-163940.jpg
20250609-163942,20250609-163942.jpg
20250609-163944,20250609-163944.jpg
20250609-163946,20250609-163946.jpg
20250609-163948,20250609-163948.jpg
20250609-163950,20250609-163950.jpg
20250609-163953,20250609-163953.jpg
20250609-163955,20250609-163955.jpg
20250609-163956,20250609-163956.jpg
20250609-163958,20250609-163958.jpg
20250609-164000,20250609-164000.jpg
20250609-164001,20250609-164001.jpg
20250609-164003,20250609-164003.jpg
20250609-164004,20250609-164004.jpg
20250609-164007,20250609-164007.jpg
20250609-164009,20250609-164009.jpg
20250609-164010,20250609-164010.jpg
20250609-164012,20250609-164012.jpg
20250609-164014,20250609-164014.jpg
20250609-164015,20250609-164015.jpg
20250609-164017,20250609-164017.jpg
20250609-164019,20250609-164019.jpg
20250609-164021,20250609-164021.jpg
20250609-164023,20250609-164023.jpg
20250609-164024,20250609-164024.jpg
20250609-164026,20250609-164026.jpg
20250609-164028,20250609-164028.jpg
20250609-164030,20250609-164030.jpg
20250609-164032,20250609-164032.jpg
20250609-164033,20250609-164033.jpg
20250609-164035,20250609-164035.jpg
20250609-164037,20250609-164037.jpg
20250609-164039,20250609-164039.jpg
20250609-164040,20250609-164040.jpg
20250609-164042,20250609-164042.jpg
20250609-164044,20250609-164044.jpg
20250609-164046,20250609-164046.jpg
20250609-164047,20250609-164047.jpg
20250609-164049,20250609-164049.jpg
20250609-164051,20250609-164051.jpg
20250609-164053,20250609-164053.jpg
20250609-164055,20250609-164055.jpg
20250609-164057,20250609-164057.jpg
20250609-164058,20250609-164058.jpg
20250609-164100,20250609-164100.jpg
20250609-164102,20250609-164102.jpg
20250609-164103,20250609-164103.jpg
20250609-164105,20250609-164105.jpg
20250609-164107,20250609-164107.jpg
20250609-164108,20250609-164108.jpg
20250609-164110,20250609-164110.jpg
20250609-164112,20250609-164112.jpg
20250609-164113,20250609-164113.jpg
20250609-164115,20250609-164115.jpg
20250609-164116,20250609-164116.jpg
20250609-164118,20250609-164118.jpg
20250609-164119,20250609-164119.jpg
20250609-164121,20250609-164121.jpg
20250609-164123,20250609-164123.jpg
20250609-164124,20250609-164124.jpg
20250609-164126,20250609-164126.jpg
20250609-164128,20250609-164128.jpg
20250609-164130,20250609-164130.jpg
20250609-164131,20250609-164131.jpg
20250609-164134,20250609-164134.jpg
20250609-164135,20250609-164135.jpg
20250609-164138,20250609-164138.jpg
20250609-164140,20250609-164140.jpg
20250609-164141,20250609-164141.jpg
20250609-164144,20250609-164144.jpg
20250609-164145,20250609-164145.jpg
20250609-164147,20250609-164147.jpg
20250609-164148,20250609-164148.jpg
20250609-164151,20250609-164151.jpg
20250609-164152,20250609-164152.jpg
20250609-164154,20250609-164154.jpg
20250609-164157,20250609-164157.jpg
20250609-164159,20250609-164159.jpg
20250609-164201,20250609-164201.jpg
20250609-164202,20250609-164202.jpg
20250609-164204,20250609-164204.jpg
20250609-164207,20250609-164207.jpg
20250609-164209,20250609-164209.jpg
20250609-164213,20250609-164213.jpg
20250609-164215,20250609-164215.jpg
20250609-164217,20250609-164217.jpg
20250609-164218,20250609-164218.jpg
